Recall,QPS
0.044,5667.07
0.199,2318.33
0.429,981.573
0.826,321.593
0.892,254.328
0.932,179.039
0.966,91.3474
0.987,21.1909
0.998,5.86648
1,2.79725
1,1.03549
